,mutant,Average,std,stability_classification,Binding_energy,DNA_classification
27,K120N,0.60417,0.3441140389463935,neutral,1.6762819999999998,destabilizing
28,K120Q,0.2007275,0.10295815764183039,neutral,1.472894,destabilizing
29,K120E,-0.2115925,0.20333240000468855,neutral,1.6278959999999998,destabilizing
31,S121F,-0.22502,0.27872234487628245,neutral,-1.1357959999999998,stabilizing
279,S241V,0.0250475,0.6801423529612508,neutral,1.565024,destabilizing
291,N247Y,0.549245,0.29823965223736876,neutral,-0.8957060000000002,stabilizing
341,R273H,0.6274625,0.6064767932012458,neutral,0.986982,destabilizing
346,A276F,-0.33735750000000003,0.698706429070894,neutral,-1.1819200000000003,stabilizing
347,A276P,-0.4699125,0.5990158846739096,neutral,7.618356,destabilizing
348,A276S,0.165935,0.11736323231745112,neutral,0.9602039999999998,destabilizing
349,A276T,-0.05818999999999998,0.3501700298426466,neutral,1.0256099999999997,destabilizing
351,C277W,-0.09560500000000001,0.23651960630498833,neutral,1.906686,destabilizing
353,C277Y,-0.3623575,0.38093401067857763,neutral,2.1704040000000004,destabilizing
354,C277R,-0.102735,0.15570217221777394,neutral,1.3809600000000002,destabilizing
355,R280I,0.9753625,0.6357262361202869,neutral,3.20516,destabilizing
356,R280T,0.93011,0.560149746942726,neutral,3.061304,destabilizing
357,R280K,0.2113125,0.46668419888792745,neutral,3.084088,destabilizing
358,D281V,-0.1068625,0.86425243235122,neutral,1.2809880000000002,destabilizing
359,D281Y,0.08483500000000002,0.7275825666548094,neutral,2.240932,destabilizing
368,E285A,-0.16421250000000004,0.33998450095800936,neutral,0.8345579999999998,destabilizing
369,E285Q,-0.20849,0.25841962889842557,neutral,0.840124,destabilizing
