Mutation,avg_ddG,ddG_md_mutateX,ddG_xray_mutateX,ddG_pdbredo_mutateX,xray_rosetta,pdbredo_rosetta
A129D,0.7,0.56844,0.71617,0.72849,-0.00057,-0.36417
A129E,0.38,0.15549,0.24078,0.18552,-0.20805,0.33832
A129S,0.19,0.4897,0.66034,0.67666,-0.04433,-1.01995
C182S,-0.16,0.06604,-0.71473,-0.57664,0.88061,0.13118
C242S,3.285,6.39566,7.29258,7.27033,0.97676,0.82302
D148E,0.43,0.04207,-0.08829,-0.11708,0.96633,1.94819
D148S,-0.22,0.23277,0.04418,0.15576,1.44807,-0.39853
D228E,-0.05,-0.31215,-0.30714,-0.30961,0.30816,3.69773
F134L,4.78,1.51242,1.92485,2.08937,2.52517,3.13277
F270C,4.54,4.28712,5.10449,5.07622,4.83821,4.78866
G245S,0.9933333333333333,1.84645,4.74914,3.65282,2.04252,2.1254
H168R,2.75,0.84518,0.64509,0.93288,1.5119,2.45907
I195T,4.12,2.71606,3.09239,3.14815,2.622,2.91621
I232T,3.19,2.50967,2.53374,2.23233,2.78923,3.84524
I255F,3.29,2.95569,3.35303,4.0165,1.12041,2.55045
L145Q,2.98,3.06601,3.8168,4.12538,2.93299,3.45306
L201P,-0.35,-0.12383,-0.57772,-0.75762,-1.23367,0.24399
L206S,0.1,1.42378,0.65399,0.83309,0.33617,-0.20397
M133L,-0.3,0.05216,0.06209,0.05247,0.86066,0.24082
M237I,3.18,1.57033,3.60796,3.36643,4.18243,3.61327
N239Y,-1.4300000000000002,1.96819,-1.09818,-1.30329,-1.53639,0.26769
N268D,-1.065,0.90078,0.1419,0.06352,-0.61236,-2.68265
P151S,4.49,3.85936,4.04262,3.69519,2.73005,1.57721
Q104H,-0.24,0.3777,0.72,0.75646,-1.22619,-0.26837
Q104P,-0.11,-0.32633,-0.84897,-0.86078,0.30578,-0.61701
Q165K,1.27,-0.15462,-0.73226,-0.68358,1.2619,-0.21202
Q167E,0.43,-0.23209,-0.62856,-0.73757,0.21791,-1.38832
R174K,0.22,0.4067,0.06443,0.3834,0.33413,1.23197
R175A,0.73,-0.18972,0.7513,2.08569,3.22959,3.16202
R175H,2.3699999999999997,2.57595,9.89911,10.10024,5.50068,6.15533
R248Q,1.4000000000000001,0.31827,-0.10545,-0.12237,0.82075,-1.08889
R249S,1.305,2.11859,2.79032,2.38298,2.3661,3.09376
R273H,1.15,0.94616,0.4066,1.10504,-0.25204,-0.85998
R282Q,2.05,1.52573,1.52419,1.76452,1.32268,-1.49365
R282W,3.3,3.39622,6.65691,8.81648,1.00102,1.63333
S260P,0.32,-0.62972,-0.76867,-0.81629,0.17007,-1.40272
T123A,0.13,-0.35712,0.10786,0.14029,-0.02381,0.08027
T150P,0.08,-0.49082,-0.40422,-0.41661,0.48367,0.5441
V143A,3.42,3.23096,3.706,3.74988,3.98968,2.42698
V157F,3.88,3.26608,8.18193,7.36309,3.16497,3.07812
V203A,-0.49,2.13412,1.88218,1.86624,0.04921,3.77279
Y220C,4.0,3.43856,4.30834,4.37245,3.86236,1.95612
Y236F,-0.27,0.60954,0.67006,0.65611,0.41236,0.39308
